TimeSpan,common.ts
short,common.ts
ScrollIds,common.ts
ActionIds,common.ts
Types,common.ts
LongId,common.ts
IndexMetrics,common.ts
Timestamp,common.ts
Aggregation,aggregations/Aggregation.ts
CustomResponseBuilderBase,common/CustomResponseBuilderBase.ts
ElasticsearchUrlFormatter,common/ElasticsearchUrlFormatter.ts
HttpMethod,common/HttpMethod.ts
PipelineFailure,common/PipelineFailure.ts
UrlParameter,common/UrlParameter.ts
BucketAggregation,aggregations/bucket/BucketAggregation.ts
MatrixAggregation,aggregations/matrix/MatrixAggregation.ts
FormattableMetricAggregation,aggregations/metric/FormattableMetricAggregation.ts
MetricAggregation,aggregations/metric/MetricAggregation.ts
PipelineAggregation,aggregations/pipeline/PipelineAggregation.ts
AggregationVisitorScope,aggregations/visitor/AggregationVisitorScope.ts
CustomAnalyzer,analysis/analyzers/CustomAnalyzer.ts
FingerprintAnalyzer,analysis/analyzers/FingerprintAnalyzer.ts
KeywordAnalyzer,analysis/analyzers/KeywordAnalyzer.ts
LanguageAnalyzer,analysis/analyzers/LanguageAnalyzer.ts
NoriAnalyzer,analysis/analyzers/NoriAnalyzer.ts
PatternAnalyzer,analysis/analyzers/PatternAnalyzer.ts
SimpleAnalyzer,analysis/analyzers/SimpleAnalyzer.ts
SnowballAnalyzer,analysis/analyzers/SnowballAnalyzer.ts
StandardAnalyzer,analysis/analyzers/StandardAnalyzer.ts
StopAnalyzer,analysis/analyzers/StopAnalyzer.ts
WhitespaceAnalyzer,analysis/analyzers/WhitespaceAnalyzer.ts
PatternReplaceCharFilter,analysis/char_filters/PatternReplaceCharFilter.ts
PatternTokenizer,analysis/tokenizers/PatternTokenizer.ts
StoreCopy,cluster/cluster_allocation_explain/StoreCopy.ts
JvmPool,cluster/nodes_stats/JvmPool.ts
LoadAverageStats,cluster/nodes_stats/LoadAverageStats.ts
DynamicResponseBase,common_abstractions/response/DynamicResponseBase.ts
DateMathExpression,common_options/date_math/DateMathExpression.ts
DateMathOperation,common_options/date_math/DateMathOperation.ts
TimeUnit,common_options/time_unit/TimeUnit.ts
Normalization,index_modules/similarity/Normalization.ts
FieldType,mapping/types/FieldType.ts
PropertyWithClrOrigin,mapping/types/PropertyWithClrOrigin.ts
IndicesModuleSettings,modules/indices/IndicesModuleSettings.ts
ScriptLang,modules/scripting/ScriptLang.ts
RewriteMultiTerm,query_dsl/multi_term_query_rewrite/RewriteMultiTerm.ts
SpanSubQuery,query_dsl/span/SpanSubQuery.ts
VisitorScope,query_dsl/visitor/VisitorScope.ts
Suggester,search/suggesters/Suggester.ts
AsyncSearchResponseBase,x_pack/async_search/AsyncSearchResponseBase.ts
TransformSync,x_pack/transform/TransformSync.ts
IcuAnalyzer,analysis/plugins/icu/IcuAnalyzer.ts
IcuCollationTokenFilter,analysis/plugins/icu/IcuCollationTokenFilter.ts
IcuFoldingTokenFilter,analysis/plugins/icu/IcuFoldingTokenFilter.ts
IcuNormalizationCharFilter,analysis/plugins/icu/IcuNormalizationCharFilter.ts
IcuNormalizationTokenFilter,analysis/plugins/icu/IcuNormalizationTokenFilter.ts
IcuTokenizer,analysis/plugins/icu/IcuTokenizer.ts
IcuTransformTokenFilter,analysis/plugins/icu/IcuTransformTokenFilter.ts
KuromojiAnalyzer,analysis/plugins/kuromoji/KuromojiAnalyzer.ts
KuromojiIterationMarkCharFilter,analysis/plugins/kuromoji/KuromojiIterationMarkCharFilter.ts
KuromojiPartOfSpeechTokenFilter,analysis/plugins/kuromoji/KuromojiPartOfSpeechTokenFilter.ts
KuromojiReadingFormTokenFilter,analysis/plugins/kuromoji/KuromojiReadingFormTokenFilter.ts
KuromojiStemmerTokenFilter,analysis/plugins/kuromoji/KuromojiStemmerTokenFilter.ts
KuromojiTokenizer,analysis/plugins/kuromoji/KuromojiTokenizer.ts
PhoneticTokenFilter,analysis/plugins/phonetic/PhoneticTokenFilter.ts
DictionaryDecompounderTokenFilter,analysis/token_filters/compound_word/DictionaryDecompounderTokenFilter.ts
RecoveryInitialShards,index_modules/index_settings/settings/RecoveryInitialShards.ts
LogLevel,index_modules/index_settings/slow_log/LogLevel.ts
IndexSortMissing,index_modules/index_settings/sorting/IndexSortMissing.ts
IndexSortMode,index_modules/index_settings/sorting/IndexSortMode.ts
IndexSortOrder,index_modules/index_settings/sorting/IndexSortOrder.ts
FileSystemStorageImplementation,index_modules/index_settings/store/FileSystemStorageImplementation.ts
TranslogDurability,index_modules/index_settings/translog/TranslogDurability.ts
DFIIndependenceMeasure,index_modules/similarity/d_f_i/DFIIndependenceMeasure.ts
DFRAfterEffect,index_modules/similarity/d_f_r/DFRAfterEffect.ts
DFRBasicModel,index_modules/similarity/d_f_r/DFRBasicModel.ts
IBDistribution,index_modules/similarity/i_b/IBDistribution.ts
IBLambda,index_modules/similarity/i_b/IBLambda.ts
AllocationEnable,modules/cluster/shard_allocation/AllocationEnable.ts
AllowRebalance,modules/cluster/shard_allocation/AllowRebalance.ts
RebalanceEnable,modules/cluster/shard_allocation/RebalanceEnable.ts
Fielddata,modules/indices/fielddata/Fielddata.ts
FieldNameQuery,query_dsl/abstractions/field_name/FieldNameQuery.ts
Intervals,query_dsl/full_text/intervals/Intervals.ts
GeoFormat,query_dsl/geo/shape/GeoFormat.ts
CharacterType,query_dsl/geo/w_k_t/CharacterType.ts
TokenType,query_dsl/geo/w_k_t/TokenType.ts
HitMetadata,search/search/hits/HitMetadata.ts
SortSpecialField,search/search/sort/SortSpecialField.ts
ForecastStatistics,x_pack/info/x_pack_usage/ForecastStatistics.ts
Condition,x_pack/watcher/condition/Condition.ts
Input,x_pack/watcher/input/Input.ts
Schedule,x_pack/watcher/schedule/Schedule.ts
TriggerEvent,x_pack/watcher/trigger/TriggerEvent.ts
HoltWintersType,aggregations/pipeline/moving_average/models/HoltWintersType.ts
FlattenedProperty,mapping/types/complex/flattened/FlattenedProperty.ts
NestedProperty,mapping/types/complex/nested/NestedProperty.ts
BinaryProperty,mapping/types/core/binary/BinaryProperty.ts
BooleanProperty,mapping/types/core/boolean/BooleanProperty.ts
DateProperty,mapping/types/core/date/DateProperty.ts
DateNanosProperty,mapping/types/core/date_nanos/DateNanosProperty.ts
JoinProperty,mapping/types/core/join/JoinProperty.ts
KeywordProperty,mapping/types/core/keyword/KeywordProperty.ts
NumberProperty,mapping/types/core/number/NumberProperty.ts
NumberType,mapping/types/core/number/NumberType.ts
PercolatorProperty,mapping/types/core/percolator/PercolatorProperty.ts
RangeType,mapping/types/core/range/RangeType.ts
RankFeatureProperty,mapping/types/core/rank_feature/RankFeatureProperty.ts
RankFeaturesProperty,mapping/types/core/rank_features/RankFeaturesProperty.ts
SearchAsYouTypeProperty,mapping/types/core/search_as_you_type/SearchAsYouTypeProperty.ts
TextProperty,mapping/types/core/text/TextProperty.ts
GeoPointProperty,mapping/types/geo/geo_point/GeoPointProperty.ts
GeoShapeProperty,mapping/types/geo/geo_shape/GeoShapeProperty.ts
GeoTree,mapping/types/geo/geo_shape/GeoTree.ts
CompletionProperty,mapping/types/specialized/completion/CompletionProperty.ts
ConstantKeywordProperty,mapping/types/specialized/constant_keyword/ConstantKeywordProperty.ts
FieldAliasProperty,mapping/types/specialized/field_alias/FieldAliasProperty.ts
GenericProperty,mapping/types/specialized/generic/GenericProperty.ts
HistogramProperty,mapping/types/specialized/histogram/HistogramProperty.ts
IpProperty,mapping/types/specialized/ip/IpProperty.ts
Murmur3HashProperty,mapping/types/specialized/murmur3_hash/Murmur3HashProperty.ts
ShapeProperty,mapping/types/specialized/shape/ShapeProperty.ts
TokenCountProperty,mapping/types/specialized/token_count/TokenCountProperty.ts
GeoPointFielddataFormat,modules/indices/fielddata/geo_point/GeoPointFielddataFormat.ts
SmoothingModel,search/suggesters/phrase_suggester/smoothing_model/SmoothingModel.ts
CountFunction,x_pack/machine_learning/job/detectors/CountFunction.ts
DistinctCountFunction,x_pack/machine_learning/job/detectors/DistinctCountFunction.ts
GeographicFunction,x_pack/machine_learning/job/detectors/GeographicFunction.ts
InfoContentFunction,x_pack/machine_learning/job/detectors/InfoContentFunction.ts
MetricFunction,x_pack/machine_learning/job/detectors/MetricFunction.ts
NonNullSumFunction,x_pack/machine_learning/job/detectors/NonNullSumFunction.ts
NonZeroCountFunction,x_pack/machine_learning/job/detectors/NonZeroCountFunction.ts
RareFunction,x_pack/machine_learning/job/detectors/RareFunction.ts
SumFunction,x_pack/machine_learning/job/detectors/SumFunction.ts
TimeFunction,x_pack/machine_learning/job/detectors/TimeFunction.ts
DataAttachmentFormat,x_pack/watcher/action/email/DataAttachmentFormat.ts
DateRangeProperty,mapping/types/core/range/date_range/DateRangeProperty.ts
DoubleRangeProperty,mapping/types/core/range/double_range/DoubleRangeProperty.ts
FloatRangeProperty,mapping/types/core/range/float_range/FloatRangeProperty.ts
IntegerRangeProperty,mapping/types/core/range/integer_range/IntegerRangeProperty.ts
IpRangeProperty,mapping/types/core/range/ip_range/IpRangeProperty.ts
LongRangeProperty,mapping/types/core/range/long_range/LongRangeProperty.ts
MultiValueMode,query_dsl/compound/function_score/functions/decay/MultiValueMode.ts
FieldValueFactorModifier,query_dsl/compound/function_score/functions/field_value/FieldValueFactorModifier.ts