async-search-submit-1,async-search-submit
bulk-1,bulk
cat-aliases-1,cat-aliases
cat-allocation-1,cat-allocation
cat-component-templates-1,cat-component-templates
cat-count-1,cat-count
cat-fielddata-1,cat-fielddata
cat-indices-1,cat-indices
cat-ml-data-frame-analytics-1,cat-ml-data-frame-analytics
cat-ml-datafeeds-1,cat-ml-datafeeds
cat-ml-jobs-1,cat-ml-jobs
cat-ml-trained-models-1,cat-ml-trained-models
cat-recovery-1,cat-recovery
cat-segments-1,cat-segments
cat-shards-1,cat-shards
cat-snapshots-1,cat-snapshots
cat-templates-1,cat-templates
cat-thread-pool-1,cat-thread-pool
cat-transforms-1,cat-transforms
ccr-get-auto-follow-pattern-1,ccr-get-auto-follow-pattern
clear-scroll-1,clear-scroll
cluster-get-component-template-1,cluster-get-component-template
cluster-health-1,cluster-health
cluster-state-1,cluster-state
cluster-state-2,cluster-state
cluster-stats-1,cluster-stats
connector-put-1,connector-put
count-1,count
enrich-get-policy-1,enrich-get-policy
field-caps-1,field-caps
fleet-msearch-1,fleet-msearch
health-report-1,health-report
ilm-get-lifecycle-1,ilm-get-lifecycle
index-1,index
indices-analyze-1,indices-analyze
indices-clear-cache-1,indices-clear-cache
indices-data-streams-stats-1,indices-data-streams-stats
indices-delete-alias-1,indices-delete-alias
indices-exists-alias-1,indices-exists-alias
indices-flush-1,indices-flush
indices-forcemerge-1,indices-forcemerge
indices-get-alias-1,indices-get-alias
indices-get-alias-2,indices-get-alias
indices-get-alias-3,indices-get-alias
indices-get-data-stream-1,indices-get-data-stream
indices-get-field-mapping-1,indices-get-field-mapping
indices-get-index-template-1,indices-get-index-template
indices-get-mapping-1,indices-get-mapping
indices-get-settings-1,indices-get-settings
indices-get-settings-2,indices-get-settings
indices-get-settings-3,indices-get-settings
indices-get-template-1,indices-get-template
indices-put-alias-1,indices-put-alias
indices-put-settings-1,indices-put-settings
indices-recovery-1,indices-recovery
indices-refresh-1,indices-refresh
indices-resolve-cluster-1,indices-resolve-cluster
indices-rollover-1,indices-rollover
indices-segments-1,indices-segments
indices-shard-stores-1,indices-shard-stores
indices-simulate-template-1,indices-simulate-template
indices-stats-1,indices-stats
indices-stats-2,indices-stats
indices-stats-3,indices-stats
indices-validate-query-1,indices-validate-query
inference-delete-1,inference-delete
inference-get-1,inference-get
inference-get-2,inference-get
inference-inference-1,inference-inference
inference-put-1,inference-put
inference-update-1,inference-update
ingest-get-geoip-database-1,ingest-get-geoip-database
ingest-get-ip-location-database-1,ingest-get-ip-location-database
ingest-get-pipeline-1,ingest-get-pipeline
ingest-simulate-1,ingest-simulate
logstash-get-pipeline-1,logstash-get-pipeline
mget-1,mget
migration-deprecations-1,migration-deprecations
ml-delete-expired-data-1,ml-delete-expired-data
ml-delete-forecast-1,ml-delete-forecast
ml-explain-data-frame-analytics-1,ml-explain-data-frame-analytics
ml-get-buckets-1,ml-get-buckets
ml-get-calendars-1,ml-get-calendars
ml-get-categories-1,ml-get-categories
ml-get-data-frame-analytics-1,ml-get-data-frame-analytics
ml-get-data-frame-analytics-stats-1,ml-get-data-frame-analytics-stats
ml-get-datafeed-stats-1,ml-get-datafeed-stats
ml-get-datafeeds-1,ml-get-datafeeds
ml-get-filters-1,ml-get-filters
ml-get-job-stats-1,ml-get-job-stats
ml-get-jobs-1,ml-get-jobs
ml-get-memory-stats-1,ml-get-memory-stats
ml-get-model-snapshots-1,ml-get-model-snapshots
ml-get-trained-models-1,ml-get-trained-models
ml-get-trained-models-stats-1,ml-get-trained-models-stats
ml-preview-data-frame-analytics-1,ml-preview-data-frame-analytics
ml-preview-datafeed-1,ml-preview-datafeed
msearch-1,msearch
msearch-template-1,msearch-template
mtermvectors-1,mtermvectors
nodes-hot-threads-1,nodes-hot-threads
nodes-info-1,nodes-info
nodes-info-2,nodes-info
nodes-info-3,nodes-info
nodes-reload-secure-settings-1,nodes-reload-secure-settings
nodes-stats-1,nodes-stats
nodes-stats-2,nodes-stats
nodes-stats-3,nodes-stats
nodes-stats-4,nodes-stats
nodes-stats-5,nodes-stats
nodes-usage-1,nodes-usage
nodes-usage-2,nodes-usage
nodes-usage-3,nodes-usage
put-script-1,put-script
rank-eval-1,rank-eval
render-search-template-1,render-search-template
rollup-get-jobs-1,rollup-get-jobs
rollup-get-rollup-caps-1,rollup-get-rollup-caps
scroll-1,scroll
search-1,search
search-application-get-behavioral-analytics-1,search-application-get-behavioral-analytics
search-shards-1,search-shards
search-template-1,search-template
searchable-snapshots-cache-stats-1,searchable-snapshots-cache-stats
searchable-snapshots-clear-cache-1,searchable-snapshots-clear-cache
searchable-snapshots-stats-1,searchable-snapshots-stats
security-change-password-1,security-change-password
security-create-service-token-1,security-create-service-token
security-get-privileges-1,security-get-privileges
security-get-privileges-2,security-get-privileges
security-get-role-1,security-get-role
security-get-role-mapping-1,security-get-role-mapping
security-get-service-accounts-1,security-get-service-accounts
security-get-service-accounts-2,security-get-service-accounts
security-get-user-1,security-get-user
security-has-privileges-1,security-has-privileges
simulate-ingest-1,simulate-ingest
slm-get-lifecycle-1,slm-get-lifecycle
snapshot-get-repository-1,snapshot-get-repository
snapshot-status-1,snapshot-status
snapshot-status-2,snapshot-status
tasks-cancel-1,tasks-cancel
termvectors-1,termvectors
transform-get-transform-1,transform-get-transform
transform-preview-transform-1,transform-preview-transform
watcher-ack-watch-1,watcher-ack-watch
watcher-execute-watch-1,watcher-execute-watch
watcher-stats-1,watcher-stats
