analysis-analyzers,https://www.elastic.co/guide/en/elasticsearch/reference/{branch}/analysis-analyzers.html
analysis-charfilters,https://www.elastic.co/guide/en/elasticsearch/reference/{branch}/analysis-charfilters.html
analysis-normalizers,https://www.elastic.co/guide/en/elasticsearch/reference/{branch}/analysis-normalizers.html
analysis-standard-analyzer,https://www.elastic.co/guide/en/elasticsearch/reference/{branch}/analysis-standard-analyzer.html
analysis-tokenfilters,https://www.elastic.co/guide/en/elasticsearch/reference/{branch}/analysis-tokenfilters.html
analysis-tokenizers,https://www.elastic.co/guide/en/elasticsearch/reference/{branch}/analysis-tokenizers.html
analysis,https://www.elastic.co/guide/en/elasticsearch/reference/{branch}/analysis.html
analyzer-anatomy,https://www.elastic.co/guide/en/elasticsearch/reference/{branch}/analyzer-anatomy.html
api-date-math-index-names,https://www.elastic.co/guide/en/elasticsearch/reference/{branch}/api-conventions.html#api-date-math-index-names
append-processor,https://www.elastic.co/guide/en/elasticsearch/reference/{branch}/append-processor.html
async-search,https://www.elastic.co/guide/en/elasticsearch/reference/{branch}/async-search.html
attachment,https://www.elastic.co/guide/en/elasticsearch/reference/{branch}/attachment.html
autoscaling-delete-autoscaling-policy,https://www.elastic.co/guide/en/elasticsearch/reference/{branch}/autoscaling-delete-autoscaling-policy.html
autoscaling-get-autoscaling-capacity,https://www.elastic.co/guide/en/elasticsearch/reference/{branch}/autoscaling-get-autoscaling-capacity.html
autoscaling-get-autoscaling-policy,https://www.elastic.co/guide/en/elasticsearch/reference/{branch}/autoscaling-get-autoscaling-policy.html
autoscaling-put-autoscaling-policy,https://www.elastic.co/guide/en/elasticsearch/reference/{branch}/autoscaling-put-autoscaling-policy.html
avoid-index-pattern-collisions,https://www.elastic.co/guide/en/elasticsearch/reference/{branch}/index-templates.html#avoid-index-pattern-collisions
byte-units,https://www.elastic.co/guide/en/elasticsearch/reference/{branch}/api-conventions.html#byte-units
bytes-processor,https://www.elastic.co/guide/en/elasticsearch/reference/{branch}/bytes-processor.html
calendar-and-fixed-intervals,https://www.elastic.co/guide/en/elasticsearch/reference/{branch}/search-aggregations-bucket-datehistogram-aggregation.html#calendar_and_fixed_intervals
cat-alias,https://www.elastic.co/guide/en/elasticsearch/reference/{branch}/cat-alias.html
cat-allocation,https://www.elastic.co/guide/en/elasticsearch/reference/{branch}/cat-allocation.html
cat-anomaly-detectors,https://www.elastic.co/guide/en/elasticsearch/reference/{branch}/cat-anomaly-detectors.html
cat-count,https://www.elastic.co/guide/en/elasticsearch/reference/{branch}/cat-count.html
cat-datafeeds,https://www.elastic.co/guide/en/elasticsearch/reference/{branch}/cat-datafeeds.html
cat-dfanalytics,https://www.elastic.co/guide/en/elasticsearch/reference/{branch}/cat-dfanalytics.html
cat-fielddata,https://www.elastic.co/guide/en/elasticsearch/reference/{branch}/cat-fielddata.html
cat-health,https://www.elastic.co/guide/en/elasticsearch/reference/{branch}/cat-health.html
cat-indices,https://www.elastic.co/guide/en/elasticsearch/reference/{branch}/cat-indices.html
cat-master,https://www.elastic.co/guide/en/elasticsearch/reference/{branch}/cat-master.html
cat-nodeattrs,https://www.elastic.co/guide/en/elasticsearch/reference/{branch}/cat-nodeattrs.html
cat-nodes,https://www.elastic.co/guide/en/elasticsearch/reference/{branch}/cat-nodes.html
cat-pending-tasks,https://www.elastic.co/guide/en/elasticsearch/reference/{branch}/cat-pending-tasks.html
cat-plugins,https://www.elastic.co/guide/en/elasticsearch/reference/{branch}/cat-plugins.html
cat-recovery,https://www.elastic.co/guide/en/elasticsearch/reference/{branch}/cat-recovery.html
cat-repositories,https://www.elastic.co/guide/en/elasticsearch/reference/{branch}/cat-repositories.html
cat-segments,https://www.elastic.co/guide/en/elasticsearch/reference/{branch}/cat-segments.html
cat-shards,https://www.elastic.co/guide/en/elasticsearch/reference/{branch}/cat-shards.html
cat-snapshots,https://www.elastic.co/guide/en/elasticsearch/reference/{branch}/cat-snapshots.html
cat-templates,https://www.elastic.co/guide/en/elasticsearch/reference/{branch}/cat-templates.html
cat-thread-pool,https://www.elastic.co/guide/en/elasticsearch/reference/{branch}/cat-thread-pool.html
cat-trained-model,https://www.elastic.co/guide/en/elasticsearch/reference/{branch}/cat-trained-model.html
cat-transforms,https://www.elastic.co/guide/en/elasticsearch/reference/{branch}/cat-transforms.html
cat,https://www.elastic.co/guide/en/elasticsearch/reference/{branch}/cat.html
ccr-delete-auto-follow-pattern,https://www.elastic.co/guide/en/elasticsearch/reference/{branch}/ccr-delete-auto-follow-pattern.html
ccr-get-auto-follow-pattern,https://www.elastic.co/guide/en/elasticsearch/reference/{branch}/ccr-get-auto-follow-pattern.html
ccr-get-follow-info,https://www.elastic.co/guide/en/elasticsearch/reference/{branch}/ccr-get-follow-info.html
ccr-get-follow-stats,https://www.elastic.co/guide/en/elasticsearch/reference/{branch}/ccr-get-follow-stats.html
ccr-get-stats,https://www.elastic.co/guide/en/elasticsearch/reference/{branch}/ccr-get-stats.html
ccr-pause-auto-follow-pattern,https://www.elastic.co/guide/en/elasticsearch/reference/{branch}/ccr-pause-auto-follow-pattern.html
ccr-post-forget-follower,https://www.elastic.co/guide/en/elasticsearch/reference/{branch}/ccr-post-forget-follower.html
ccr-post-pause-follow,https://www.elastic.co/guide/en/elasticsearch/reference/{branch}/ccr-post-pause-follow.html
ccr-post-resume-follow,https://www.elastic.co/guide/en/elasticsearch/reference/{branch}/ccr-post-resume-follow.html
ccr-post-unfollow,https://www.elastic.co/guide/en/elasticsearch/reference/{branch}/ccr-post-unfollow.html
ccr-put-auto-follow-pattern,https://www.elastic.co/guide/en/elasticsearch/reference/{branch}/ccr-put-auto-follow-pattern.html
ccr-put-follow,https://www.elastic.co/guide/en/elasticsearch/reference/{branch}/ccr-put-follow.html
ccr-resume-auto-follow-pattern,https://www.elastic.co/guide/en/elasticsearch/reference/{branch}/ccr-resume-auto-follow-pattern.html
ccs-network-delays,https://www.elastic.co/guide/en/elasticsearch/reference/{branch}/modules-cross-cluster-search.html#ccs-network-delays
clean-up-snapshot-repo-api,https://www.elastic.co/guide/en/elasticsearch/reference/{branch}/clean-up-snapshot-repo-api.html
clear-repositories-metering-archive-api,https://www.elastic.co/guide/en/elasticsearch/reference/{branch}/clear-repositories-metering-archive-api.html
clear-scroll-api,https://www.elastic.co/guide/en/elasticsearch/reference/{branch}/clear-scroll-api.html
clear-sql-cursor-api,https://www.elastic.co/guide/en/elasticsearch/reference/{branch}/clear-sql-cursor-api.html
cluster-allocation-explain,https://www.elastic.co/guide/en/elasticsearch/reference/{branch}/cluster-allocation-explain.html
cluster-get-settings,https://www.elastic.co/guide/en/elasticsearch/reference/{branch}/cluster-get-settings.html
cluster-health,https://www.elastic.co/guide/en/elasticsearch/reference/{branch}/cluster-health.html
cluster-info,https://www.elastic.co/guide/en/elasticsearch/reference/{branch}/cluster-info.html
cluster-name,https://www.elastic.co/guide/en/elasticsearch/reference/{branch}/important-settings.html#cluster-name
cluster-nodes-hot-threads,https://www.elastic.co/guide/en/elasticsearch/reference/{branch}/cluster-nodes-hot-threads.html
cluster-nodes-info,https://www.elastic.co/guide/en/elasticsearch/reference/{branch}/cluster-nodes-info.html
cluster-nodes-stats,https://www.elastic.co/guide/en/elasticsearch/reference/{branch}/cluster-nodes-stats.html
cluster-nodes-usage,https://www.elastic.co/guide/en/elasticsearch/reference/{branch}/cluster-nodes-usage.html
cluster-nodes,https://www.elastic.co/guide/en/elasticsearch/reference/{branch}/cluster.html#cluster-nodes
cluster-pending,https://www.elastic.co/guide/en/elasticsearch/reference/{branch}/cluster-pending.html
cluster-remote-info,https://www.elastic.co/guide/en/elasticsearch/reference/{branch}/cluster-remote-info.html
cluster-reroute,https://www.elastic.co/guide/en/elasticsearch/reference/{branch}/cluster-reroute.html
cluster-state,https://www.elastic.co/guide/en/elasticsearch/reference/{branch}/cluster-state.html
cluster-stats,https://www.elastic.co/guide/en/elasticsearch/reference/{branch}/cluster-stats.html
cluster-update-settings,https://www.elastic.co/guide/en/elasticsearch/reference/{branch}/cluster-update-settings.html
cluster,https://www.elastic.co/guide/en/elasticsearch/reference/{branch}/cluster.html
common-options,https://www.elastic.co/guide/en/elasticsearch/reference/{branch}/common-options.html
connector-checkin,https://www.elastic.co/guide/en/elasticsearch/reference/{branch}/check-in-connector-api.html
connector-delete,https://www.elastic.co/guide/en/elasticsearch/reference/{branch}/delete-connector-api.html
connector-get,https://www.elastic.co/guide/en/elasticsearch/reference/{branch}/get-connector-api.html
connector-last-sync,https://www.elastic.co/guide/en/elasticsearch/reference/{branch}/update-connector-last-sync-api.html
connector-list,https://www.elastic.co/guide/en/elasticsearch/reference/{branch}/list-connector-api.html
connector-post,https://www.elastic.co/guide/en/elasticsearch/reference/{branch}/create-connector-api.html
connector-put,https://www.elastic.co/guide/en/elasticsearch/reference/{branch}/create-connector-api.html
connector-configuration,https://www.elastic.co/guide/en/elasticsearch/reference/{branch}/update-connector-configuration-api.html
connector-update-error,https://www.elastic.co/guide/en/elasticsearch/reference/{branch}/update-connector-error-api.html
connector-update-filtering,https://www.elastic.co/guide/en/elasticsearch/reference/{branch}/update-connector-filtering-api.html
connector-update-name,https://www.elastic.co/guide/en/elasticsearch/reference/{branch}/update-connector-name-description-api.html
connector-update-pipeline,https://www.elastic.co/guide/en/elasticsearch/reference/{branch}/update-connector-pipeline-api.html
connector-scheduling,https://www.elastic.co/guide/en/elasticsearch/reference/{branch}/update-connector-scheduling-api.html
convert-processor,https://www.elastic.co/guide/en/elasticsearch/reference/{branch}/convert-processor.html
cron-expressions,https://www.elastic.co/guide/en/elasticsearch/reference/{branch}/api-conventions.html#api-cron-expressions
csv-processor,https://www.elastic.co/guide/en/elasticsearch/reference/{branch}/csv-processor.html
data-processor,https://www.elastic.co/guide/en/elasticsearch/reference/{branch}/date-processor.html
data-stream-path-param,https://www.elastic.co/guide/en/elasticsearch/reference/{branch}/indices-create-data-stream.html#indices-create-data-stream-api-path-params
data-streams,https://www.elastic.co/guide/en/elasticsearch/reference/{branch}/data-streams.html
date-index-name-processor,https://www.elastic.co/guide/en/elasticsearch/reference/{branch}/date-index-name-processor.html
dcg,https://www.elastic.co/guide/en/elasticsearch/reference/{branch}/search-rank-eval.html#_discounted_cumulative_gain_dcg
delete-async-sql-search-api,https://www.elastic.co/guide/en/elasticsearch/reference/{branch}/delete-async-sql-search-api.html
delete-enrich-policy-api,https://www.elastic.co/guide/en/elasticsearch/reference/{branch}/delete-enrich-policy-api.html
delete-license,https://www.elastic.co/guide/en/elasticsearch/reference/{branch}/delete-license.html
delete-pipeline-api,https://www.elastic.co/guide/en/elasticsearch/reference/{branch}/delete-pipeline-api.html
delete-trained-models-aliases,https://www.elastic.co/guide/en/elasticsearch/reference/{branch}/delete-trained-models-aliases.html
delete-trained-models,https://www.elastic.co/guide/en/elasticsearch/reference/{branch}/delete-trained-models.html
delete-transform,https://www.elastic.co/guide/en/elasticsearch/reference/{branch}/delete-transform.html
dissect-processor,https://www.elastic.co/guide/en/elasticsearch/reference/{branch}/dissect-processor.html
distance-units,https://www.elastic.co/guide/en/elasticsearch/reference/{branch}/api-conventions.html#distance-units
docs-bulk,https://www.elastic.co/guide/en/elasticsearch/reference/{branch}/docs-bulk.html
docs-delete-by-query,https://www.elastic.co/guide/en/elasticsearch/reference/{branch}/docs-delete-by-query.html
docs-delete-by-query,https://www.elastic.co/guide/en/elasticsearch/reference/{branch}/docs-delete-by-query.html
docs-delete,https://www.elastic.co/guide/en/elasticsearch/reference/{branch}/docs-delete.html
docs-get,https://www.elastic.co/guide/en/elasticsearch/reference/{branch}/docs-get.html
docs-get,https://www.elastic.co/guide/en/elasticsearch/reference/{branch}/docs-get.html
docs-index_,https://www.elastic.co/guide/en/elasticsearch/reference/{branch}/docs-index_.html
docs-multi-get,https://www.elastic.co/guide/en/elasticsearch/reference/{branch}/docs-multi-get.html
docs-multi-termvectors,https://www.elastic.co/guide/en/elasticsearch/reference/{branch}/docs-multi-termvectors.html
docs-reindex,https://www.elastic.co/guide/en/elasticsearch/reference/{branch}/docs-reindex.html
docs-termvectors,https://www.elastic.co/guide/en/elasticsearch/reference/{branch}/docs-termvectors.html
docs-update-by-query,https://www.elastic.co/guide/en/elasticsearch/reference/{branch}/docs-update-by-query.html
docs-update-by-query,https://www.elastic.co/guide/en/elasticsearch/reference/{branch}/docs-update-by-query.html
docs-update,https://www.elastic.co/guide/en/elasticsearch/reference/{branch}/docs-update.html
document-input-parameters,https://www.elastic.co/guide/en/elasticsearch/reference/{branch}/query-dsl-mlt-query.html#_document_input_parameters
dot-expand-processor,https://www.elastic.co/guide/en/elasticsearch/reference/{branch}/dot-expand-processor.html
drop-processor,https://www.elastic.co/guide/en/elasticsearch/reference/{branch}/drop-processor.html
enrich-processor,https://www.elastic.co/guide/en/elasticsearch/reference/{branch}/enrich-processor.html
enrich-stats-api,https://www.elastic.co/guide/en/elasticsearch/reference/{branch}/enrich-stats-api.html
eql-async-search-api,https://www.elastic.co/guide/en/elasticsearch/reference/{branch}/get-async-eql-search-api.html
eql-async-search-status-api,https://www.elastic.co/guide/en/elasticsearch/reference/{branch}/get-async-eql-status-api.html
eql-basic-syntax,https://www.elastic.co/guide/en/elasticsearch/reference/{branch}/eql-syntax.html#eql-basic-syntax
eql-search-api,https://www.elastic.co/guide/en/elasticsearch/reference/{branch}/eql-search-api.html
eql-sequences,https://www.elastic.co/guide/en/elasticsearch/reference/{branch}/eql-syntax.html#eql-sequences
eql-syntax,https://www.elastic.co/guide/en/elasticsearch/reference/{branch}/eql-syntax.html
eql,https://www.elastic.co/guide/en/elasticsearch/reference/{branch}/eql.html
esql-query,https://www.elastic.co/guide/en/elasticsearch/reference/{branch}/esql-rest.html
esql-query-params,https://www.elastic.co/guide/en/elasticsearch/reference/{branch}/esql-rest.html#esql-rest-params
evaluate-dfanalytics,https://www.elastic.co/guide/en/elasticsearch/reference/{branch}/evaluate-dfanalytics.html
execute-enrich-policy-api,https://www.elastic.co/guide/en/elasticsearch/reference/{branch}/execute-enrich-policy-api.html
expected-reciprocal,https://www.elastic.co/guide/en/elasticsearch/reference/{branch}/search-rank-eval.html#_expected_reciprocal_rank_err
explain-dfanalytics,https://www.elastic.co/guide/en/elasticsearch/reference/{branch}/explain-dfanalytics.html
fail-processor,https://www.elastic.co/guide/en/elasticsearch/reference/{branch}/fail-processor.html
field-and-document-access-control,https://www.elastic.co/guide/en/elasticsearch/reference/{branch}/field-and-document-access-control.html
field-usage-stats,https://www.elastic.co/guide/en/elasticsearch/reference/{branch}/field-usage-stats.html
find-structure,https://www.elastic.co/guide/en/elasticsearch/reference/{branch}/find-structure.html
foreach-processor,https://www.elastic.co/guide/en/elasticsearch/reference/{branch}/foreach-processor.html
fuzziness,https://www.elastic.co/guide/en/elasticsearch/reference/{branch}/common-options.html#fuzziness
gap-policy,https://www.elastic.co/guide/en/elasticsearch/reference/{branch}/search-aggregations-pipeline.html#gap-policy
geo-shape,https://www.elastic.co/guide/en/elasticsearch/reference/{branch}/geo-shape.html
geoip-processor,https://www.elastic.co/guide/en/elasticsearch/reference/{branch}/geoip-processor.html
geoip-stats-api,https://www.elastic.co/guide/en/elasticsearch/reference/{branch}/geoip-stats-api.html
get-async-sql-search-api,https://www.elastic.co/guide/en/elasticsearch/reference/{branch}/get-async-sql-search-api.html
get-async-sql-search-status-api,https://www.elastic.co/guide/en/elasticsearch/reference/{branch}/get-async-sql-search-status-api.html
get-basic-status,https://www.elastic.co/guide/en/elasticsearch/reference/{branch}/get-basic-status.html
get-dfanalytics-stats,https://www.elastic.co/guide/en/elasticsearch/reference/{branch}/get-dfanalytics-stats.html
get-dfanalytics,https://www.elastic.co/guide/en/elasticsearch/reference/{branch}/get-dfanalytics.html
get-enrich-policy-api,https://www.elastic.co/guide/en/elasticsearch/reference/{branch}/get-enrich-policy-api.html
get-features-api,https://www.elastic.co/guide/en/elasticsearch/reference/{branch}/get-features-api.html
get-global-checkpoints,https://www.elastic.co/guide/en/elasticsearch/reference/{branch}/get-global-checkpoints.html
get-license,https://www.elastic.co/guide/en/elasticsearch/reference/{branch}/get-license.html
get-ml-info,https://www.elastic.co/guide/en/elasticsearch/reference/{branch}/get-ml-info.html
get-pipeline-api,https://www.elastic.co/guide/en/elasticsearch/reference/{branch}/get-pipeline-api.html
get-repositories-metering-api,https://www.elastic.co/guide/en/elasticsearch/reference/{branch}/get-repositories-metering-api.html
get-trained-models-stats,https://www.elastic.co/guide/en/elasticsearch/reference/{branch}/get-trained-models-stats.html
get-trained-models,https://www.elastic.co/guide/en/elasticsearch/reference/{branch}/get-trained-models.html
get-transform-stats,https://www.elastic.co/guide/en/elasticsearch/reference/{branch}/get-transform-stats.html
get-transform,https://www.elastic.co/guide/en/elasticsearch/reference/{branch}/get-transform.html
get-trial-status,https://www.elastic.co/guide/en/elasticsearch/reference/{branch}/get-trial-status.html
graph-explore-api,https://www.elastic.co/guide/en/elasticsearch/reference/{branch}/graph-explore-api.html
grok-processor,https://www.elastic.co/guide/en/elasticsearch/reference/{branch}/grok-processor.html
gsub-processor,https://www.elastic.co/guide/en/elasticsearch/reference/{branch}/gsub-processor.html
ilm-delete-lifecycle,https://www.elastic.co/guide/en/elasticsearch/reference/{branch}/ilm-delete-lifecycle.html
ilm-explain-lifecycle,https://www.elastic.co/guide/en/elasticsearch/reference/{branch}/ilm-explain-lifecycle.html
ilm-get-lifecycle,https://www.elastic.co/guide/en/elasticsearch/reference/{branch}/ilm-get-lifecycle.html
ilm-get-status,https://www.elastic.co/guide/en/elasticsearch/reference/{branch}/ilm-get-status.html
ilm-migrate-to-data-tiers,https://www.elastic.co/guide/en/elasticsearch/reference/{branch}/ilm-migrate-to-data-tiers.html
ilm-move-to-step,https://www.elastic.co/guide/en/elasticsearch/reference/{branch}/ilm-move-to-step.html
ilm-put-lifecycle,https://www.elastic.co/guide/en/elasticsearch/reference/{branch}/ilm-put-lifecycle.html
ilm-remove-policy,https://www.elastic.co/guide/en/elasticsearch/reference/{branch}/ilm-remove-policy.html
ilm-retry-policy,https://www.elastic.co/guide/en/elasticsearch/reference/{branch}/ilm-retry-policy.html
ilm-start,https://www.elastic.co/guide/en/elasticsearch/reference/{branch}/ilm-start.html
ilm-stop,https://www.elastic.co/guide/en/elasticsearch/reference/{branch}/ilm-stop.html
important-settings,https://www.elastic.co/guide/en/elasticsearch/reference/{branch}/important-settings.html
index-modules-blocks,https://www.elastic.co/guide/en/elasticsearch/reference/{branch}/index-modules-blocks.html
index-modules-settings,https://www.elastic.co/guide/en/elasticsearch/reference/{branch}/index-modules.html#index-modules-settings
index-modules-slowlog-slowlog,https://www.elastic.co/guide/en/elasticsearch/reference/{branch}/index-modules-slowlog.html#index-slow-log
index-modules,https://www.elastic.co/guide/en/elasticsearch/reference/{branch}/index-modules.html
index,https://www.elastic.co/guide/en/elasticsearch/reference/{branch}/index.html
indexing-buffer,https://www.elastic.co/guide/en/elasticsearch/reference/{branch}/indexing-buffer.html
indices-aliases,https://www.elastic.co/guide/en/elasticsearch/reference/{branch}/indices-aliases.html
indices-analyze,https://www.elastic.co/guide/en/elasticsearch/reference/{branch}/indices-analyze.html
indices-clearcache,https://www.elastic.co/guide/en/elasticsearch/reference/{branch}/indices-clearcache.html
indices-clone-index,https://www.elastic.co/guide/en/elasticsearch/reference/{branch}/indices-clone-index.html
indices-close,https://www.elastic.co/guide/en/elasticsearch/reference/{branch}/indices-close.html
indices-component-template,https://www.elastic.co/guide/en/elasticsearch/reference/{branch}/indices-component-template.html
indices-create-data-stream,https://www.elastic.co/guide/en/elasticsearch/reference/{branch}/indices-create-data-stream.html
indices-create-index,https://www.elastic.co/guide/en/elasticsearch/reference/{branch}/indices-create-index.html
indices-delete-index,https://www.elastic.co/guide/en/elasticsearch/reference/{branch}/indices-delete-index.html
indices-disk-usage,https://www.elastic.co/guide/en/elasticsearch/reference/{branch}/indices-disk-usage.html
indices-downsample-data-stream,https://www.elastic.co/guide/en/elasticsearch/reference/{branch}/indices-downsample-data-stream.html
indices-exists,https://www.elastic.co/guide/en/elasticsearch/reference/{branch}/indices-exists.html
indices-flush,https://www.elastic.co/guide/en/elasticsearch/reference/{branch}/indices-flush.html
indices-forcemerge,https://www.elastic.co/guide/en/elasticsearch/reference/{branch}/indices-forcemerge.html
indices-get-field-mapping,https://www.elastic.co/guide/en/elasticsearch/reference/{branch}/indices-get-field-mapping.html
indices-get-index,https://www.elastic.co/guide/en/elasticsearch/reference/{branch}/indices-get-index.html
indices-get-mapping,https://www.elastic.co/guide/en/elasticsearch/reference/{branch}/indices-get-mapping.html
indices-get-settings,https://www.elastic.co/guide/en/elasticsearch/reference/{branch}/indices-get-settings.html
indices-open-close,https://www.elastic.co/guide/en/elasticsearch/reference/{branch}/indices-open-close.html
indices-put-mapping,https://www.elastic.co/guide/en/elasticsearch/reference/{branch}/indices-put-mapping.html
indices-recovery,https://www.elastic.co/guide/en/elasticsearch/reference/{branch}/indices-recovery.html
indices-refresh,https://www.elastic.co/guide/en/elasticsearch/reference/{branch}/indices-refresh.html
indices-reload-analyzers,https://www.elastic.co/guide/en/elasticsearch/reference/{branch}/indices-reload-analyzers.html
indices-resolve-index-api,https://www.elastic.co/guide/en/elasticsearch/reference/{branch}/indices-resolve-index-api.html
indices-rollover-index,https://www.elastic.co/guide/en/elasticsearch/reference/{branch}/indices-rollover-index.html
indices-segments,https://www.elastic.co/guide/en/elasticsearch/reference/{branch}/indices-segments.html
indices-shards-stores,https://www.elastic.co/guide/en/elasticsearch/reference/{branch}/indices-shards-stores.html
indices-shrink-index,https://www.elastic.co/guide/en/elasticsearch/reference/{branch}/indices-shrink-index.html
indices-split-index,https://www.elastic.co/guide/en/elasticsearch/reference/{branch}/indices-split-index.html
indices-stats,https://www.elastic.co/guide/en/elasticsearch/reference/{branch}/indices-stats.html
indices-templates,https://www.elastic.co/guide/en/elasticsearch/reference/{branch}/indices-templates.html
indices-update-settings,https://www.elastic.co/guide/en/elasticsearch/reference/{branch}/indices-update-settings.html
infer-trained-model-deployment,https://www.elastic.co/guide/en/elasticsearch/reference/{branch}/infer-trained-model-deployment.html
inference-processor,https://www.elastic.co/guide/en/elasticsearch/reference/{branch}/inference-processor.html
info-api,https://www.elastic.co/guide/en/elasticsearch/reference/{branch}/info-api.html
ingest,https://www.elastic.co/guide/en/elasticsearch/reference/{branch}/ingest.html
ingest-circle-processor,https://www.elastic.co/guide/en/elasticsearch/reference/{branch}/ingest-circle-processor.html
ingest-node-set-security-user-processor,https://www.elastic.co/guide/en/elasticsearch/reference/{banch}/ingest-node-set-security-user-processor.html
inner-hits,https://www.elastic.co/guide/en/elasticsearch/reference/{branch}/inner-hits.html
join-processor,https://www.elastic.co/guide/en/elasticsearch/reference/{branch}/join-processor.html
json-processor,https://www.elastic.co/guide/en/elasticsearch/reference/{branch}/json-processor.html
k-precision,https://www.elastic.co/guide/en/elasticsearch/reference/{branch}/search-rank-eval.html#k-precision
k-recall,https://www.elastic.co/guide/en/elasticsearch/reference/{branch}/search-rank-eval.html#k-recall
kv-processor,https://www.elastic.co/guide/en/elasticsearch/reference/{branch}/kv-processor.html
knn-inner-hits,https://www.elastic.co/guide/en/elasticsearch/reference/{branch}/knn-search.html#nested-knn-search-inner-hits
logstash-api-delete-pipeline,https://www.elastic.co/guide/en/elasticsearch/reference/{branch}/logstash-api-delete-pipeline.html
logstash-api-get-pipeline,https://www.elastic.co/guide/en/elasticsearch/reference/{branch}/logstash-api-get-pipeline.html
logstash-api-put-pipeline,https://www.elastic.co/guide/en/elasticsearch/reference/{branch}/logstash-api-put-pipeline.html
logstash-configuration-file-structure,https://www.elastic.co/guide/en/logstash/{branch}/configuration-file-structure.html
logstash-logstash-settings-file,https://www.elastic.co/guide/en/logstash/{branch}/logstash-settings-file.html
lowercase-processor,https://www.elastic.co/guide/en/elasticsearch/reference/{branch}/lowercase-processor.html
mapping-date-format,https://www.elastic.co/guide/en/elasticsearch/reference/{branch}/mapping-date-format.html
mapping-meta-field,https://www.elastic.co/guide/en/elasticsearch/reference/{branch}/mapping-meta-field.html
mapping-metadata,https://www.elastic.co/guide/en/elasticsearch/reference/{branch}/mapping-fields.html
mapping-settings-limit,https://www.elastic.co/guide/en/elasticsearch/reference/{branch}/mapping-settings-limit.html
mapping-source-field,https://www.elastic.co/guide/en/elasticsearch/reference/{branch}/mapping-source-field.html
mapping,https://www.elastic.co/guide/en/elasticsearch/reference/{branch}/mapping.html
mapping,https://www.elastic.co/guide/en/elasticsearch/reference/{branch}/mapping.html
mean-reciprocal,https://www.elastic.co/guide/en/elasticsearch/reference/{branch}/search-rank-eval.html#_mean_reciprocal_rank
migration-api-deprecation,https://www.elastic.co/guide/en/elasticsearch/reference/{branch}/migration-api-deprecation.html
migration-api-feature-upgrade,https://www.elastic.co/guide/en/elasticsearch/reference/{branch}/migration-api-feature-upgrade.html
ml-apis,https://www.elastic.co/guide/en/elasticsearch/reference/{branch}/ml-apis.html
ml-classification,https://www.elastic.co/guide/en/machine-learning/{branch}/ml-dfa-classification.html
ml-close-job,https://www.elastic.co/guide/en/elasticsearch/reference/{branch}/ml-close-job.html
ml-delete-calendar-event,https://www.elastic.co/guide/en/elasticsearch/reference/{branch}/ml-delete-calendar-event.html
ml-delete-calendar-job,https://www.elastic.co/guide/en/elasticsearch/reference/{branch}/ml-delete-calendar-job.html
ml-delete-calendar,https://www.elastic.co/guide/en/elasticsearch/reference/{branch}/ml-delete-calendar.html
ml-delete-datafeed,https://www.elastic.co/guide/en/elasticsearch/reference/{branch}/ml-delete-datafeed.html
ml-delete-dfanalytics,https://www.elastic.co/guide/en/elasticsearch/reference/{branch}/delete-dfanalytics.html
ml-delete-expired-data,https://www.elastic.co/guide/en/elasticsearch/reference/{branch}/ml-delete-expired-data.html
ml-delete-filter,https://www.elastic.co/guide/en/elasticsearch/reference/{branch}/ml-delete-filter.html
ml-delete-forecast,https://www.elastic.co/guide/en/elasticsearch/reference/{branch}/ml-delete-forecast.html
ml-delete-job,https://www.elastic.co/guide/en/elasticsearch/reference/{branch}/ml-delete-job.html
ml-delete-snapshot,https://www.elastic.co/guide/en/elasticsearch/reference/{branch}/ml-delete-snapshot.html
ml-feature-importance,https://www.elastic.co/guide/en/machine-learning/{branch}/ml-feature-importance.html
ml-flush-job,https://www.elastic.co/guide/en/elasticsearch/reference/{branch}/ml-flush-job.html
ml-forecast,https://www.elastic.co/guide/en/elasticsearch/reference/{branch}/ml-forecast.html
ml-functions,https://www.elastic.co/guide/en/machine-learning/{branch}/ml-functions.html
ml-get-bucket,https://www.elastic.co/guide/en/elasticsearch/reference/{branch}/ml-get-bucket.html
ml-get-calendar-event,https://www.elastic.co/guide/en/elasticsearch/reference/{branch}/ml-get-calendar-event.html
ml-get-calendar,https://www.elastic.co/guide/en/elasticsearch/reference/{branch}/ml-get-calendar.html
ml-get-category,https://www.elastic.co/guide/en/elasticsearch/reference/{branch}/ml-get-category.html
ml-get-datafeed-stats,https://www.elastic.co/guide/en/elasticsearch/reference/{branch}/ml-get-datafeed-stats.html
ml-get-datafeed,https://www.elastic.co/guide/en/elasticsearch/reference/{branch}/ml-get-datafeed.html
ml-get-filter,https://www.elastic.co/guide/en/elasticsearch/reference/{branch}/ml-get-filter.html
ml-get-influencer,https://www.elastic.co/guide/en/elasticsearch/reference/{branch}/ml-get-influencer.html
ml-get-job-model-snapshot-upgrade-stats,https://www.elastic.co/guide/en/elasticsearch/reference/{branch}/ml-get-job-model-snapshot-upgrade-stats.html
ml-get-job-stats,https://www.elastic.co/guide/en/elasticsearch/reference/{branch}/ml-get-job-stats.html
ml-get-job,https://www.elastic.co/guide/en/elasticsearch/reference/{branch}/ml-get-job.html
ml-get-overall-buckets,https://www.elastic.co/guide/en/elasticsearch/reference/{branch}/ml-get-overall-buckets.html
ml-get-record,https://www.elastic.co/guide/en/elasticsearch/reference/{branch}/ml-get-record.html
ml-get-snapshot,https://www.elastic.co/guide/en/elasticsearch/reference/{branch}/ml-get-snapshot.html
ml-jobs,https://www.elastic.co/guide/en/machine-learning/{branch}/ml-jobs.html
ml-model-snapshots,https://www.elastic.co/guide/en/machine-learning/{branch}/ml-ad-run-jobs.html#ml-ad-model-snapshots
ml-open-job,https://www.elastic.co/guide/en/elasticsearch/reference/{branch}/ml-open-job.html
ml-post-calendar-event,https://www.elastic.co/guide/en/elasticsearch/reference/{branch}/ml-post-calendar-event.html
ml-post-data,https://www.elastic.co/guide/en/elasticsearch/reference/{branch}/ml-post-data.html
ml-preview-datafeed,https://www.elastic.co/guide/en/elasticsearch/reference/{branch}/ml-preview-datafeed.html
ml-put-calendar-job,https://www.elastic.co/guide/en/elasticsearch/reference/{branch}/ml-put-calendar-job.html
ml-put-calendar,https://www.elastic.co/guide/en/elasticsearch/reference/{branch}/ml-put-calendar.html
ml-put-datafeed,https://www.elastic.co/guide/en/elasticsearch/reference/{branch}/ml-put-datafeed.html
ml-put-filter,https://www.elastic.co/guide/en/elasticsearch/reference/{branch}/ml-put-filter.html
ml-put-job,https://www.elastic.co/guide/en/elasticsearch/reference/{branch}/ml-put-job.html
ml-regression-loss,https://www.elastic.co/guide/en/machine-learning/{branch}/dfa-regression-lossfunction.html
ml-regression,https://www.elastic.co/guide/en/machine-learning/{branch}/ml-dfa-regression.html
ml-reset-job,https://www.elastic.co/guide/en/elasticsearch/reference/{branch}/ml-reset-job.html
ml-revert-snapshot,https://www.elastic.co/guide/en/elasticsearch/reference/{branch}/ml-revert-snapshot.html
ml-set-upgrade-mode,https://www.elastic.co/guide/en/elasticsearch/reference/{branch}/ml-set-upgrade-mode.html
ml-settings,https://www.elastic.co/guide/en/elasticsearch/reference/{branch}/ml-settings.html
ml-start-datafeed,https://www.elastic.co/guide/en/elasticsearch/reference/{branch}/ml-start-datafeed.html
ml-stop-datafeed,https://www.elastic.co/guide/en/elasticsearch/reference/{branch}/ml-stop-datafeed.html
ml-update-datafeed,https://www.elastic.co/guide/en/elasticsearch/reference/{branch}/ml-update-datafeed.html
ml-update-filter,https://www.elastic.co/guide/en/elasticsearch/reference/{branch}/ml-update-filter.html
ml-update-job,https://www.elastic.co/guide/en/elasticsearch/reference/{branch}/ml-update-job.html
ml-update-snapshot,https://www.elastic.co/guide/en/elasticsearch/reference/{branch}/ml-update-snapshot.html
ml-upgrade-job-model-snapshot,https://www.elastic.co/guide/en/elasticsearch/reference/{branch}/ml-upgrade-job-model-snapshot.html
modules-cluster,https://www.elastic.co/guide/en/elasticsearch/reference/{branch}/modules-cluster.html
modules-cross-cluster-search,https://www.elastic.co/guide/en/elasticsearch/reference/{branch}/modules-cross-cluster-search.html
modules-discovery-hosts-providers,https://www.elastic.co/guide/en/elasticsearch/reference/{branch}/modules-discovery-hosts-providers.html
modules-fielddata,https://www.elastic.co/guide/en/elasticsearch/reference/{branch}/modules-fielddata.html
modules-gateway-dangling-indices,https://www.elastic.co/guide/en/elasticsearch/reference/{branch}/modules-gateway-dangling-indices.html
modules-node,https://www.elastic.co/guide/en/elasticsearch/reference/{branch}/modules-node.html
modules-remote-clusters,https://www.elastic.co/guide/en/elasticsearch/reference/{branch}/modules-remote-clusters.html
modules-scripting,https://www.elastic.co/guide/en/elasticsearch/reference/{branch}/modules-scripting.html
modules-snapshots,https://www.elastic.co/guide/en/elasticsearch/reference/{branch}/modules-snapshots.html
monitor-elasticsearch-cluster,https://www.elastic.co/guide/en/elasticsearch/reference/{branch}/monitor-elasticsearch-cluster.html
multi-fields,https://www.elastic.co/guide/en/elasticsearch/reference/{branch}/multi-fields.html
node-roles,https://www.elastic.co/guide/en/elasticsearch/reference/{branch}/modules-node.html#node-roles
paginate-search-results,https://www.elastic.co/guide/en/elasticsearch/reference/{branch}/paginate-search-results.html
painless-contexts,https://www.elastic.co/guide/en/elasticsearch/painless/{branch}/painless-contexts.html
painless-execute-api,https://www.elastic.co/guide/en/elasticsearch/painless/{branch}/painless-execute-api.html
pipeline-processor,https://www.elastic.co/guide/en/elasticsearch/reference/{branch}/pipeline-processor.html
point-in-time-api,https://www.elastic.co/guide/en/elasticsearch/reference/{branch}/point-in-time-api.html
preview-dfanalytics,https://www.elastic.co/guide/en/elasticsearch/reference/{branch}/preview-dfanalytics.html
preview-transform,https://www.elastic.co/guide/en/elasticsearch/reference/{branch}/preview-transform.html
put-dfanalytics,https://www.elastic.co/guide/en/elasticsearch/reference/{branch}/put-dfanalytics.html
put-enrich-policy-api,https://www.elastic.co/guide/en/elasticsearch/reference/{branch}/put-enrich-policy-api.html
put-pipeline-api,https://www.elastic.co/guide/en/elasticsearch/reference/{branch}/put-pipeline-api.html
put-trained-model-definition-part,https://www.elastic.co/guide/en/elasticsearch/reference/{branch}/put-trained-model-definition-part.html
put-trained-model-vocabulary,https://www.elastic.co/guide/en/elasticsearch/reference/{branch}/put-trained-model-vocabulary.html
put-trained-models-aliases,https://www.elastic.co/guide/en/elasticsearch/reference/{branch}/put-trained-models-aliases.html
put-trained-models,https://www.elastic.co/guide/en/elasticsearch/reference/{branch}/put-trained-models.html
put-transform,https://www.elastic.co/guide/en/elasticsearch/reference/{branch}/put-transform.html
query-dsl-bool-query,https://www.elastic.co/guide/en/elasticsearch/reference/{branch}/query-dsl-bool-query.html
query-dsl-boosting-query,https://www.elastic.co/guide/en/elasticsearch/reference/{branch}/query-dsl-boosting-query.html
query-dsl-combined-fields-query,https://www.elastic.co/guide/en/elasticsearch/reference/{branch}/query-dsl-combined-fields-query.html
query-dsl-constant-score-query,https://www.elastic.co/guide/en/elasticsearch/reference/{branch}/query-dsl-constant-score-query.html
query-dsl-dis-max-query,https://www.elastic.co/guide/en/elasticsearch/reference/{branch}/query-dsl-dis-max-query.html
query-dsl-distance-feature-query,https://www.elastic.co/guide/en/elasticsearch/reference/{branch}/query-dsl-distance-feature-query.html
query-dsl-exists-query,https://www.elastic.co/guide/en/elasticsearch/reference/{branch}/query-dsl-exists-query.html
query-dsl-function-score-query,https://www.elastic.co/guide/en/elasticsearch/reference/{branch}/query-dsl-function-score-query.html
query-dsl-fuzzy-query,https://www.elastic.co/guide/en/elasticsearch/reference/{branch}/query-dsl-fuzzy-query.html
query-dsl-geo-bounding-box-query,https://www.elastic.co/guide/en/elasticsearch/reference/{branch}/query-dsl-geo-bounding-box-query.html
query-dsl-geo-distance-query,https://www.elastic.co/guide/en/elasticsearch/reference/{branch}/query-dsl-geo-distance-query.html
query-dsl-geo-shape-query,https://www.elastic.co/guide/en/elasticsearch/reference/{branch}/query-dsl-geo-shape-query.html
query-dsl-has-child-query,https://www.elastic.co/guide/en/elasticsearch/reference/{branch}/query-dsl-has-child-query.html
query-dsl-has-parent-query,https://www.elastic.co/guide/en/elasticsearch/reference/{branch}/query-dsl-has-parent-query.html
query-dsl-ids-query,https://www.elastic.co/guide/en/elasticsearch/reference/{branch}/query-dsl-ids-query.html
query-dsl-intervals-query,https://www.elastic.co/guide/en/elasticsearch/reference/{branch}/query-dsl-intervals-query.html
query-dsl-knn-query,https://www.elastic.co/guide/en/elasticsearch/reference/{branch}/query-dsl-knn-query.html
query-dsl-match-all-query,https://www.elastic.co/guide/en/elasticsearch/reference/{branch}/query-dsl-match-all-query.html
query-dsl-match-bool-prefix-query,https://www.elastic.co/guide/en/elasticsearch/reference/{branch}/query-dsl-match-bool-prefix-query.html
query-dsl-match-none-query,https://www.elastic.co/guide/en/elasticsearch/reference/{branch}/query-dsl-match-all-query.html#query-dsl-match-none-query
query-dsl-match-query-phrase-prefix,https://www.elastic.co/guide/en/elasticsearch/reference/{branch}/query-dsl-match-query-phrase-prefix.html
query-dsl-match-query-phrase,https://www.elastic.co/guide/en/elasticsearch/reference/{branch}/query-dsl-match-query-phrase.html
query-dsl-match-query,https://www.elastic.co/guide/en/elasticsearch/reference/{branch}/query-dsl-match-query.html
query-dsl-minimum-should-match,https://www.elastic.co/guide/en/elasticsearch/reference/{branch}/query-dsl-minimum-should-match.html
query-dsl-minimum-should-match,https://www.elastic.co/guide/en/elasticsearch/reference/{branch}/query-dsl-minimum-should-match.html
query-dsl-mlt-query,https://www.elastic.co/guide/en/elasticsearch/reference/{branch}/query-dsl-mlt-query.html
query-dsl-mlt-query,https://www.elastic.co/guide/en/elasticsearch/reference/{branch}/query-dsl-mlt-query.html
query-dsl-multi-match-query,https://www.elastic.co/guide/en/elasticsearch/reference/{branch}/query-dsl-multi-match-query.html
query-dsl-multi-term-rewrite,https://www.elastic.co/guide/en/elasticsearch/reference/{branch}/query-dsl-multi-term-rewrite.html
query-dsl-nested-query,https://www.elastic.co/guide/en/elasticsearch/reference/{branch}/query-dsl-nested-query.html
query-dsl-parent-id-query,https://www.elastic.co/guide/en/elasticsearch/reference/{branch}/query-dsl-parent-id-query.html
query-dsl-percolate-query,https://www.elastic.co/guide/en/elasticsearch/reference/{branch}/query-dsl-percolate-query.html
query-dsl-pinned-query,https://www.elastic.co/guide/en/elasticsearch/reference/{branch}/query-dsl-pinned-query.html
query-dsl-prefix-query,https://www.elastic.co/guide/en/elasticsearch/reference/{branch}/query-dsl-prefix-query.html
query-dsl-query-string-query,https://www.elastic.co/guide/en/elasticsearch/reference/{branch}/query-dsl-query-string-query.html
query-dsl-range-query,https://www.elastic.co/guide/en/elasticsearch/reference/{branch}/query-dsl-range-query.html
query-dsl-rank-feature-query,https://www.elastic.co/guide/en/elasticsearch/reference/{branch}/query-dsl-rank-feature-query.html
query-dsl-regexp-query,https://www.elastic.co/guide/en/elasticsearch/reference/{branch}/query-dsl-regexp-query.html
query-dsl-script-query,https://www.elastic.co/guide/en/elasticsearch/reference/{branch}/query-dsl-script-query.html
query-dsl-script-score-query,https://www.elastic.co/guide/en/elasticsearch/reference/{branch}/query-dsl-script-score-query.html
query-dsl-shape-query,https://www.elastic.co/guide/en/elasticsearch/reference/{branch}/query-dsl-shape-query.html
query-dsl-simple-query-string-query,https://www.elastic.co/guide/en/elasticsearch/reference/{branch}/query-dsl-simple-query-string-query.html
query-dsl-simple-query-string-query,https://www.elastic.co/guide/en/elasticsearch/reference/{branch}/query-dsl-simple-query-string-query.html
query-dsl-span-containing-query,https://www.elastic.co/guide/en/elasticsearch/reference/{branch}/query-dsl-span-containing-query.html
query-dsl-span-field-masking-query,https://www.elastic.co/guide/en/elasticsearch/reference/{branch}/query-dsl-span-field-masking-query.html
query-dsl-span-first-query,https://www.elastic.co/guide/en/elasticsearch/reference/{branch}/query-dsl-span-first-query.html
query-dsl-span-multi-term-query,https://www.elastic.co/guide/en/elasticsearch/reference/{branch}/query-dsl-span-multi-term-query.html
query-dsl-span-near-query,https://www.elastic.co/guide/en/elasticsearch/reference/{branch}/query-dsl-span-near-query.html
query-dsl-span-not-query,https://www.elastic.co/guide/en/elasticsearch/reference/{branch}/query-dsl-span-not-query.html
query-dsl-span-or-query,https://www.elastic.co/guide/en/elasticsearch/reference/{branch}/query-dsl-span-or-query.html
query-dsl-span-term-query,https://www.elastic.co/guide/en/elasticsearch/reference/{branch}/query-dsl-span-term-query.html
query-dsl-span-within-query,https://www.elastic.co/guide/en/elasticsearch/reference/{branch}/query-dsl-span-within-query.html
query-dsl-term-query,https://www.elastic.co/guide/en/elasticsearch/reference/{branch}/query-dsl-term-query.html
query-dsl-terms-query,https://www.elastic.co/guide/en/elasticsearch/reference/{branch}/query-dsl-terms-query.html
query-dsl-terms-set-query,https://www.elastic.co/guide/en/elasticsearch/reference/{branch}/query-dsl-terms-set-query.html
query-dsl-text-expansion-query,https://www.elastic.co/guide/en/elasticsearch/reference/{branch}/query-dsl-text-expansion-query.html
query-dsl-wildcard-query,https://www.elastic.co/guide/en/elasticsearch/reference/{branch}/query-dsl-wildcard-query.html
query-dsl-wrapper-query,https://www.elastic.co/guide/en/elasticsearch/reference/{branch}/query-dsl-wrapper-query.html
query-dsl,https://www.elastic.co/guide/en/elasticsearch/reference/{branch}/query-dsl.html
realtime,https://www.elastic.co/guide/en/elasticsearch/reference/{branch}/docs-get.html#realtime
regexp-syntax,https://www.elastic.co/guide/en/elasticsearch/reference/{branch}/regexp-syntax.html
remove-processor,https://www.elastic.co/guide/en/elasticsearch/reference/{branch}/remove-processor.html
rename-processor,https://www.elastic.co/guide/en/elasticsearch/reference/{branch}/rename-processor.html
reroute-processor,https://www.elastic.co/guide/en/elasticsearch/reference/{branch}/reroute-processor.html
render-search-template-api,https://www.elastic.co/guide/en/elasticsearch/reference/{branch}/render-search-template-api.html
reset-transform,https://www.elastic.co/guide/en/elasticsearch/reference/{branch}/reset-transform.html
rollup-delete-job,https://www.elastic.co/guide/en/elasticsearch/reference/{branch}/rollup-delete-job.html
rollup-get-job,https://www.elastic.co/guide/en/elasticsearch/reference/{branch}/rollup-get-job.html
rollup-get-rollup-caps,https://www.elastic.co/guide/en/elasticsearch/reference/{branch}/rollup-get-rollup-caps.html
rollup-get-rollup-index-caps,https://www.elastic.co/guide/en/elasticsearch/reference/{branch}/rollup-get-rollup-index-caps.html
rollup-put-job,https://www.elastic.co/guide/en/elasticsearch/reference/{branch}/rollup-put-job.html
rollup-search,https://www.elastic.co/guide/en/elasticsearch/reference/{branch}/rollup-search.html
rollup-start-job,https://www.elastic.co/guide/en/elasticsearch/reference/{branch}/rollup-start-job.html
rollup-stop-job,https://www.elastic.co/guide/en/elasticsearch/reference/{branch}/rollup-stop-job.html
routing,https://www.elastic.co/guide/en/elasticsearch/reference/{branch}/docs-get.html#get-routing
run-as-privilege,https://www.elastic.co/guide/en/elasticsearch/reference/{branch}/run-as-privilege.html
runtime-search-request,https://www.elastic.co/guide/en/elasticsearch/reference/{branch}/runtime-search-request.html
script-processor,https://www.elastic.co/guide/en/elasticsearch/reference/{branch}/script-processor.html
scroll-search-results,https://www.elastic.co/guide/en/elasticsearch/reference/{branch}/paginate-search-results.html#scroll-search-results
search-aggregations-bucket-adjacency-matrix-aggregation,https://www.elastic.co/guide/en/elasticsearch/reference/{branch}/search-aggregations-bucket-adjacency-matrix-aggregation.html
search-aggregations-bucket-autodatehistogram-aggregation,https://www.elastic.co/guide/en/elasticsearch/reference/{branch}/search-aggregations-bucket-autodatehistogram-aggregation.html
search-aggregations-bucket-categorize-text-aggregation,https://www.elastic.co/guide/en/elasticsearch/reference/{branch}/search-aggregations-bucket-categorize-text-aggregation.html
search-aggregations-bucket-children-aggregation,https://www.elastic.co/guide/en/elasticsearch/reference/{branch}/search-aggregations-bucket-children-aggregation.html
search-aggregations-bucket-correlation-aggregation,https://www.elastic.co/guide/en/elasticsearch/reference/{branch}/search-aggregations-bucket-correlation-aggregation.html
search-aggregations-bucket-count-ks-test-aggregation,https://www.elastic.co/guide/en/elasticsearch/reference/{branch}/search-aggregations-bucket-count-ks-test-aggregation.html
search-aggregations-bucket-datehistogram-aggregation,https://www.elastic.co/guide/en/elasticsearch/reference/{branch}/search-aggregations-bucket-datehistogram-aggregation.html
search-aggregations-bucket-daterange-aggregation,https://www.elastic.co/guide/en/elasticsearch/reference/{branch}/search-aggregations-bucket-daterange-aggregation.html
search-aggregations-bucket-diversified-sampler-aggregation,https://www.elastic.co/guide/en/elasticsearch/reference/{branch}/search-aggregations-bucket-diversified-sampler-aggregation.html
search-aggregations-bucket-filter-aggregation,https://www.elastic.co/guide/en/elasticsearch/reference/{branch}/search-aggregations-bucket-filter-aggregation.html
search-aggregations-bucket-frequent-item-sets-aggregation,https://www.elastic.co/guide/en/elasticsearch/reference/{branch}/search-aggregations-bucket-frequent-item-sets-aggregation.html
search-aggregations-bucket-significantterms-aggregation,https://www.elastic.co/guide/en/elasticsearch/reference/{branch}/search-aggregations-bucket-significantterms-aggregation.html
search-aggregations-metrics-avg-aggregation,https://www.elastic.co/guide/en/elasticsearch/reference/{branch}/search-aggregations-metrics-avg-aggregation.html
search-aggregations-metrics-boxplot-aggregation,https://www.elastic.co/guide/en/elasticsearch/reference/{branch}/search-aggregations-metrics-boxplot-aggregation.html
search-aggregations-metrics-cardinality-aggregation,https://www.elastic.co/guide/en/elasticsearch/reference/{branch}/search-aggregations-metrics-cardinality-aggregation.html
search-aggregations-metrics-extendedstats-aggregation,https://www.elastic.co/guide/en/elasticsearch/reference/{branch}/search-aggregations-metrics-extendedstats-aggregation.html
search-aggregations-pipeline-avg-bucket-aggregation,https://www.elastic.co/guide/en/elasticsearch/reference/{branch}/search-aggregations-pipeline-avg-bucket-aggregation.html
search-aggregations-pipeline-bucket-path,https://www.elastic.co/guide/en/elasticsearch/reference/{branch}/search-aggregations-pipeline.html#buckets-path-syntax
search-aggregations-pipeline-bucket-script-aggregation,https://www.elastic.co/guide/en/elasticsearch/reference/{branch}/search-aggregations-pipeline-bucket-script-aggregation.html
search-aggregations-pipeline-bucket-selector-aggregation,https://www.elastic.co/guide/en/elasticsearch/reference/{branch}/search-aggregations-pipeline-bucket-selector-aggregation.html
search-aggregations-pipeline-bucket-sort-aggregation,https://www.elastic.co/guide/en/elasticsearch/reference/{branch}/search-aggregations-pipeline-bucket-sort-aggregation.html
search-aggregations-pipeline-cumulative-cardinality-aggregation,https://www.elastic.co/guide/en/elasticsearch/reference/{branch}/search-aggregations-pipeline-cumulative-cardinality-aggregation.html
search-aggregations-pipeline-cumulative-sum-aggregation,https://www.elastic.co/guide/en/elasticsearch/reference/{branch}/search-aggregations-pipeline-cumulative-sum-aggregation.html
search-aggregations-pipeline-derivative-aggregation,https://www.elastic.co/guide/en/elasticsearch/reference/{branch}/search-aggregations-pipeline-derivative-aggregation.html
search-aggregations-pipeline-extended-stats-bucket-aggregation,https://www.elastic.co/guide/en/elasticsearch/reference/{branch}/search-aggregations-pipeline-extended-stats-bucket-aggregation.html
search-aggregations-bucket-frequent-item-sets-aggregation,https://www.elastic.co/guide/en/elasticsearch/reference/{branch}/search-aggregations-bucket-frequent-item-sets-aggregation.html
search-aggregations-bucket-filter-aggregation,https://www.elastic.co/guide/en/elasticsearch/reference/{branch}/search-aggregations-bucket-filter-aggregation.html
search-aggregations-bucket-filters-aggregation,https://www.elastic.co/guide/en/elasticsearch/reference/{branch}/search-aggregations-bucket-filters-aggregation.html
search-aggregations-metrics-geobounds-aggregation,https://www.elastic.co/guide/en/elasticsearch/reference/{branch}/search-aggregations-metrics-geobounds-aggregation.html
search-aggregations-metrics-geocentroid-aggregation,https://www.elastic.co/guide/en/elasticsearch/reference/{branch}/search-aggregations-metrics-geocentroid-aggregation.html
search-aggregations-bucket-geodistance-aggregation,https://www.elastic.co/guide/en/elasticsearch/reference/{branch}/search-aggregations-bucket-geodistance-aggregation.html
search-aggregations-bucket-geohashgrid-aggregation,https://www.elastic.co/guide/en/elasticsearch/reference/{branch}/search-aggregations-bucket-geohashgrid-aggregation.html
search-aggregations-metrics-geo-line,https://www.elastic.co/guide/en/elasticsearch/reference/{branch}/search-aggregations-metrics-geo-line.html
search-aggregations-bucket-geotilegrid-aggregation,https://www.elastic.co/guide/en/elasticsearch/reference/{branch}/search-aggregations-bucket-geotilegrid-aggregation.html
search-aggregations-bucket-geohexgrid-aggregation,https://www.elastic.co/guide/en/elasticsearch/reference/{branch}/search-aggregations-bucket-geohexgrid-aggregation.html
search-aggregations-bucket-global-aggregation,https://www.elastic.co/guide/en/elasticsearch/reference/{branch}/search-aggregations-bucket-global-aggregation.html
search-aggregations-bucket-histogram-aggregation,https://www.elastic.co/guide/en/elasticsearch/reference/{branch}/search-aggregations-bucket-histogram-aggregation.html
search-aggregations-bucket-iprange-aggregation,https://www.elastic.co/guide/en/elasticsearch/reference/{branch}/search-aggregations-bucket-iprange-aggregation.html
search-aggregations-bucket-ipprefix-aggregation,https://www.elastic.co/guide/en/elasticsearch/reference/{branch}/search-aggregations-bucket-ipprefix-aggregation.html
search-aggregations-pipeline-inference-bucket-aggregation,https://www.elastic.co/guide/en/elasticsearch/reference/{branch}/search-aggregations-pipeline-inference-bucket-aggregation.html
search-aggregations-matrix-stats-aggregation,https://www.elastic.co/guide/en/elasticsearch/reference/{branch}/search-aggregations-matrix-stats-aggregation.html
search-aggregations-metrics-max-aggregation,https://www.elastic.co/guide/en/elasticsearch/reference/{branch}/search-aggregations-metrics-max-aggregation.html
search-aggregations-pipeline-max-bucket-aggregation,https://www.elastic.co/guide/en/elasticsearch/reference/{branch}/search-aggregations-pipeline-max-bucket-aggregation.html
search-aggregations-metrics-median-absolute-deviation-aggregation,https://www.elastic.co/guide/en/elasticsearch/reference/{branch}/search-aggregations-metrics-median-absolute-deviation-aggregation.html
search-aggregations-metrics-min-aggregation,https://www.elastic.co/guide/en/elasticsearch/reference/{branch}/search-aggregations-metrics-min-aggregation.html
search-aggregations-pipeline-min-bucket-aggregation,https://www.elastic.co/guide/en/elasticsearch/reference/{branch}/search-aggregations-pipeline-min-bucket-aggregation.html
search-aggregations-bucket-missing-aggregation,https://www.elastic.co/guide/en/elasticsearch/reference/{branch}/search-aggregations-bucket-missing-aggregation.html
search-aggregations-pipeline-moving-percentiles-aggregation,https://www.elastic.co/guide/en/elasticsearch/reference/{branch}/search-aggregations-pipeline-moving-percentiles-aggregation.html
search-aggregations-pipeline-movfn-aggregation,https://www.elastic.co/guide/en/elasticsearch/reference/{branch}/search-aggregations-pipeline-movfn-aggregation.html
search-aggregations-bucket-multi-terms-aggregation,https://www.elastic.co/guide/en/elasticsearch/reference/{branch}/search-aggregations-bucket-multi-terms-aggregation.html
search-aggregations-bucket-nested-aggregation,https://www.elastic.co/guide/en/elasticsearch/reference/{branch}/search-aggregations-bucket-nested-aggregation.html
search-aggregations-pipeline-normalize-aggregation,https://www.elastic.co/guide/en/elasticsearch/reference/{branch}/search-aggregations-pipeline-normalize-aggregation.html
search-aggregations-bucket-parent-aggregation,https://www.elastic.co/guide/en/elasticsearch/reference/{branch}/search-aggregations-bucket-parent-aggregation.html
search-aggregations-metrics-percentile-rank-aggregation,https://www.elastic.co/guide/en/elasticsearch/reference/{branch}/search-aggregations-metrics-percentile-rank-aggregation.html
search-aggregations-metrics-percentile-aggregation,https://www.elastic.co/guide/en/elasticsearch/reference/{branch}/search-aggregations-metrics-percentile-aggregation.html
search-aggregations-pipeline-percentiles-bucket-aggregation,https://www.elastic.co/guide/en/elasticsearch/reference/{branch}/search-aggregations-pipeline-percentiles-bucket-aggregation.html
search-aggregations-bucket-range-aggregation,https://www.elastic.co/guide/en/elasticsearch/reference/{branch}/search-aggregations-bucket-range-aggregation.html
search-aggregations-bucket-rare-terms-aggregation,https://www.elastic.co/guide/en/elasticsearch/reference/{branch}/search-aggregations-bucket-rare-terms-aggregation.html
search-aggregations-metrics-rate-aggregation,https://www.elastic.co/guide/en/elasticsearch/reference/{branch}/search-aggregations-metrics-rate-aggregation.html
search-aggregations-bucket-reverse-nested-aggregation,https://www.elastic.co/guide/en/elasticsearch/reference/{branch}/search-aggregations-bucket-reverse-nested-aggregation.html
search-aggregations-bucket-sampler-aggregation,https://www.elastic.co/guide/en/elasticsearch/reference/{branch}/search-aggregations-bucket-sampler-aggregation.html
search-aggregations-metrics-scripted-metric-aggregation,https://www.elastic.co/guide/en/elasticsearch/reference/{branch}/search-aggregations-metrics-scripted-metric-aggregation.html
search-aggregations-pipeline-serialdiff-aggregation,https://www.elastic.co/guide/en/elasticsearch/reference/{branch}/search-aggregations-pipeline-serialdiff-aggregation.html
search-aggregations-bucket-significantterms-aggregation,https://www.elastic.co/guide/en/elasticsearch/reference/{branch}/search-aggregations-bucket-significantterms-aggregation.html
search-aggregations-bucket-significanttext-aggregation,https://www.elastic.co/guide/en/elasticsearch/reference/{branch}/search-aggregations-bucket-significanttext-aggregation.html
search-aggregations-metrics-stats-aggregation,https://www.elastic.co/guide/en/elasticsearch/reference/{branch}/search-aggregations-metrics-stats-aggregation.html
search-aggregations-pipeline-stats-bucket-aggregation,https://www.elastic.co/guide/en/elasticsearch/reference/{branch}/search-aggregations-pipeline-stats-bucket-aggregation.html
search-aggregations-metrics-string-stats-aggregation,https://www.elastic.co/guide/en/elasticsearch/reference/{branch}/search-aggregations-metrics-string-stats-aggregation.html
search-aggregations-metrics-sum-aggregation,https://www.elastic.co/guide/en/elasticsearch/reference/{branch}/search-aggregations-metrics-sum-aggregation.html
search-aggregations-pipeline-sum-bucket-aggregation,https://www.elastic.co/guide/en/elasticsearch/reference/{branch}/search-aggregations-pipeline-sum-bucket-aggregation.html
search-aggregations-bucket-terms-aggregation,https://www.elastic.co/guide/en/elasticsearch/reference/{branch}/search-aggregations-bucket-terms-aggregation.html
search-aggregations-metrics-top-hits-aggregation,https://www.elastic.co/guide/en/elasticsearch/reference/{branch}/search-aggregations-metrics-top-hits-aggregation.html
search-aggregations-metrics-ttest-aggregation,https://www.elastic.co/guide/en/elasticsearch/reference/{branch}/search-aggregations-metrics-ttest-aggregation.html
search-aggregations-metrics-top-metrics,https://www.elastic.co/guide/en/elasticsearch/reference/{branch}/search-aggregations-metrics-top-metrics.html
search-aggregations-metrics-valuecount-aggregation,https://www.elastic.co/guide/en/elasticsearch/reference/{branch}/search-aggregations-metrics-valuecount-aggregation.html
search-aggregations-metrics-weight-avg-aggregation,https://www.elastic.co/guide/en/elasticsearch/reference/{branch}/search-aggregations-metrics-weight-avg-aggregation.html
search-aggregations-bucket-variablewidthhistogram-aggregation,https://www.elastic.co/guide/en/elasticsearch/reference/{branch}/search-aggregations-bucket-variablewidthhistogram-aggregation.html
search-count,https://www.elastic.co/guide/en/elasticsearch/reference/{branch}/search-count.html
search-explain,https://www.elastic.co/guide/en/elasticsearch/reference/{branch}/search-explain.html
search-field-caps,https://www.elastic.co/guide/en/elasticsearch/reference/{branch}/search-field-caps.html
search-multi-search,https://www.elastic.co/guide/en/elasticsearch/reference/{branch}/search-multi-search.html
search-multi-search,https://www.elastic.co/guide/en/elasticsearch/reference/{branch}/search-multi-search.html
search-rank-eval,https://www.elastic.co/guide/en/elasticsearch/reference/{branch}/search-rank-eval.html
search-rank-eval,https://www.elastic.co/guide/en/elasticsearch/reference/{branch}/search-rank-eval.html
search-request-body,https://www.elastic.co/guide/en/elasticsearch/reference/{branch}/search-request-body.html
search-search,https://www.elastic.co/guide/en/elasticsearch/reference/{branch}/search-search.html
search-shards,https://www.elastic.co/guide/en/elasticsearch/reference/{branch}/search-shards.html
search-template,https://www.elastic.co/guide/en/elasticsearch/reference/{branch}/search-template.html
search-terms-enum,https://www.elastic.co/guide/en/elasticsearch/reference/{branch}/search-terms-enum.html
search-validate,https://www.elastic.co/guide/en/elasticsearch/reference/{branch}/search-validate.html
search-vector-tile-api,https://www.elastic.co/guide/en/elasticsearch/reference/{branch}/search-vector-tile-api.html
searchable-snapshots-api-mount-snapshot,https://www.elastic.co/guide/en/elasticsearch/reference/{branch}/searchable-snapshots-api-mount-snapshot.html
searchable-snapshots-apis,https://www.elastic.co/guide/en/elasticsearch/reference/{branch}/searchable-snapshots-apis.html
secure-settings,https://www.elastic.co/guide/en/elasticsearch/reference/{branch}/secure-settings.html
security-api-authenticate,https://www.elastic.co/guide/en/elasticsearch/reference/{branch}/security-api-authenticate.html
security-api-change-password,https://www.elastic.co/guide/en/elasticsearch/reference/{branch}/security-api-change-password.html
security-api-clear-api-key-cache,https://www.elastic.co/guide/en/elasticsearch/reference/{branch}/security-api-clear-api-key-cache.html
security-api-clear-cache,https://www.elastic.co/guide/en/elasticsearch/reference/{branch}/security-api-clear-cache.html
security-api-clear-privilege-cache,https://www.elastic.co/guide/en/elasticsearch/reference/{branch}/security-api-clear-privilege-cache.html
security-api-clear-role-cache,https://www.elastic.co/guide/en/elasticsearch/reference/{branch}/security-api-clear-role-cache.html
security-api-clear-service-token-caches,https://www.elastic.co/guide/en/elasticsearch/reference/{branch}/security-api-clear-service-token-caches.html
security-api-create-api-key,https://www.elastic.co/guide/en/elasticsearch/reference/{branch}/security-api-create-api-key.html
security-api-create-service-token,https://www.elastic.co/guide/en/elasticsearch/reference/{branch}/security-api-create-service-token.html
security-api-delete-privilege,https://www.elastic.co/guide/en/elasticsearch/reference/{branch}/security-api-delete-privilege.html
security-api-delete-role-mapping,https://www.elastic.co/guide/en/elasticsearch/reference/{branch}/security-api-delete-role-mapping.html
security-api-delete-role,https://www.elastic.co/guide/en/elasticsearch/reference/{branch}/security-api-delete-role.html
security-api-delete-service-token,https://www.elastic.co/guide/en/elasticsearch/reference/{branch}/security-api-delete-service-token.html
security-api-delete-user,https://www.elastic.co/guide/en/elasticsearch/reference/{branch}/security-api-delete-user.html
security-api-disable-user,https://www.elastic.co/guide/en/elasticsearch/reference/{branch}/security-api-disable-user.html
security-api-enable-user,https://www.elastic.co/guide/en/elasticsearch/reference/{branch}/security-api-enable-user.html
security-api-get-api-key,https://www.elastic.co/guide/en/elasticsearch/reference/{branch}/security-api-get-api-key.html
security-api-get-builtin-privileges,https://www.elastic.co/guide/en/elasticsearch/reference/{branch}/security-api-get-builtin-privileges.html
security-api-get-privileges,https://www.elastic.co/guide/en/elasticsearch/reference/{branch}/security-api-get-privileges.html
security-api-get-role-mapping,https://www.elastic.co/guide/en/elasticsearch/reference/{branch}/security-api-get-role-mapping.html
security-api-get-role,https://www.elastic.co/guide/en/elasticsearch/reference/{branch}/security-api-get-role.html
security-api-get-service-accounts,https://www.elastic.co/guide/en/elasticsearch/reference/{branch}/security-api-get-service-accounts.html
security-api-get-service-credentials,https://www.elastic.co/guide/en/elasticsearch/reference/{branch}/security-api-get-service-credentials.html
security-api-get-token,https://www.elastic.co/guide/en/elasticsearch/reference/{branch}/security-api-get-token.html
security-api-get-user-privileges,https://www.elastic.co/guide/en/elasticsearch/reference/{branch}/security-api-get-user-privileges.html
security-api-get-user,https://www.elastic.co/guide/en/elasticsearch/reference/{branch}/security-api-get-user.html
security-api-grant-api-key,https://www.elastic.co/guide/en/elasticsearch/reference/{branch}/security-api-grant-api-key.html
security-api-has-privileges,https://www.elastic.co/guide/en/elasticsearch/reference/{branch}/security-api-has-privileges.html
security-api-invalidate-api-key,https://www.elastic.co/guide/en/elasticsearch/reference/{branch}/security-api-invalidate-api-key.html
security-api-invalidate-token,https://www.elastic.co/guide/en/elasticsearch/reference/{branch}/security-api-invalidate-token.html
security-api-kibana-enrollment,https://www.elastic.co/guide/en/elasticsearch/reference/{branch}/security-api-kibana-enrollment.html
security-api-node-enrollment,https://www.elastic.co/guide/en/elasticsearch/reference/{branch}/security-api-node-enrollment.html
security-api-put-privileges,https://www.elastic.co/guide/en/elasticsearch/reference/{branch}/security-api-put-privileges.html
security-api-put-role-mapping,https://www.elastic.co/guide/en/elasticsearch/reference/{branch}/security-api-put-role-mapping.html
security-api-put-role,https://www.elastic.co/guide/en/elasticsearch/reference/{branch}/security-api-put-role.html
security-api-put-user,https://www.elastic.co/guide/en/elasticsearch/reference/{branch}/security-api-put-user.html
security-api-query-api-key,https://www.elastic.co/guide/en/elasticsearch/reference/{branch}/security-api-query-api-key.html
security-api-saml-authenticate,https://www.elastic.co/guide/en/elasticsearch/reference/{branch}/security-api-saml-authenticate.html
security-api-saml-complete-logout,https://www.elastic.co/guide/en/elasticsearch/reference/{branch}/security-api-saml-complete-logout.html
security-api-saml-invalidate,https://www.elastic.co/guide/en/elasticsearch/reference/{branch}/security-api-saml-invalidate.html
security-api-saml-logout,https://www.elastic.co/guide/en/elasticsearch/reference/{branch}/security-api-saml-logout.html
security-api-saml-prepare-authentication,https://www.elastic.co/guide/en/elasticsearch/reference/{branch}/security-api-saml-prepare-authentication.html
security-api-saml-sp-metadata,https://www.elastic.co/guide/en/elasticsearch/reference/{branch}/security-api-saml-sp-metadata.html
security-api-ssl,https://www.elastic.co/guide/en/elasticsearch/reference/{branch}/security-api-ssl.html
set-processor,https://www.elastic.co/guide/en/elasticsearch/reference/{branch}/set-processor.html
shape,https://www.elastic.co/guide/en/elasticsearch/reference/{branch}/shape.html
simulate-pipeline-api,https://www.elastic.co/guide/en/elasticsearch/reference/{branch}/simulate-pipeline-api.html
slm-api-delete-policy,https://www.elastic.co/guide/en/elasticsearch/reference/{branch}/slm-api-delete-policy.html
slm-api-execute-lifecycle,https://www.elastic.co/guide/en/elasticsearch/reference/{branch}/slm-api-execute-lifecycle.html
slm-api-execute-retention,https://www.elastic.co/guide/en/elasticsearch/reference/{branch}/slm-api-execute-retention.html
slm-api-get-policy,https://www.elastic.co/guide/en/elasticsearch/reference/{branch}/slm-api-get-policy.html
slm-api-get-stats,https://www.elastic.co/guide/en/elasticsearch/reference/{branch}/slm-api-get-stats.html
slm-api-get-status,https://www.elastic.co/guide/en/elasticsearch/reference/{branch}/slm-api-get-status.html
slm-api-put-policy,https://www.elastic.co/guide/en/elasticsearch/reference/{branch}/slm-api-put-policy.html
slm-api-start,https://www.elastic.co/guide/en/elasticsearch/reference/{branch}/slm-api-start.html
slm-api-stop,https://www.elastic.co/guide/en/elasticsearch/reference/{branch}/slm-api-stop.html
sort-processor,https://www.elastic.co/guide/en/elasticsearch/reference/{branch}/sort-processor.html
sort-search-results,https://www.elastic.co/guide/en/elasticsearch/reference/{branch}/sort-search-results.html
sort-tiebreaker,https://www.elastic.co/guide/en/elasticsearch/reference/{branch}/eql.html#eql-search-specify-a-sort-tiebreaker
split-processor,https://www.elastic.co/guide/en/elasticsearch/reference/{branch}/split-processor.html
sql-rest-filtering,https://www.elastic.co/guide/en/elasticsearch/reference/{branch}/sql-rest-filtering.html
sql-rest-format,https://www.elastic.co/guide/en/elasticsearch/reference/{branch}/sql-rest-format.html
sql-search-api,https://www.elastic.co/guide/en/elasticsearch/reference/{branch}/sql-search-api.html
sql-translate-api,https://www.elastic.co/guide/en/elasticsearch/reference/{branch}/sql-translate-api.html
start-basic,https://www.elastic.co/guide/en/elasticsearch/reference/{branch}/start-basic.html
start-dfanalytics,https://www.elastic.co/guide/en/elasticsearch/reference/{branch}/start-dfanalytics.html
start-trained-model-deployment,https://www.elastic.co/guide/en/elasticsearch/reference/{branch}/start-trained-model-deployment.html
start-transform,https://www.elastic.co/guide/en/elasticsearch/reference/{branch}/start-transform.html
start-trial,https://www.elastic.co/guide/en/elasticsearch/reference/{branch}/start-trial.html
stop-dfanalytics,https://www.elastic.co/guide/en/elasticsearch/reference/{branch}/stop-dfanalytics.html
stop-trained-model-deployment,https://www.elastic.co/guide/en/elasticsearch/reference/{branch}/stop-trained-model-deployment.html
stop-transform,https://www.elastic.co/guide/en/elasticsearch/reference/{branch}/stop-transform.html
supported-flags,https://www.elastic.co/guide/en/elasticsearch/reference/{branch}/query-dsl-simple-query-string-query.html#supported-flags
tasks,https://www.elastic.co/guide/en/elasticsearch/reference/{branch}/tasks.html
templating-role-query,https://www.elastic.co/guide/en/elasticsearch/reference/{branch}/field-and-document-access-control.html#templating-role-query
time-value,https://github.com/elastic/elasticsearch/blob/{branch}/libs/core/src/main/java/org/elasticsearch/core/TimeValue.java
trim-processor,https://www.elastic.co/guide/en/elasticsearch/reference/{branch}/trim-processor.html
unfreeze-index-api,https://www.elastic.co/guide/en/elasticsearch/reference/{branch}/unfreeze-index-api.html
update-dfanalytics,https://www.elastic.co/guide/en/elasticsearch/reference/{branch}/update-dfanalytics.html
update-license,https://www.elastic.co/guide/en/elasticsearch/reference/{branch}/update-license.html
update-transform,https://www.elastic.co/guide/en/elasticsearch/reference/{branch}/update-transform.html
upgrade-transforms,https://www.elastic.co/guide/en/elasticsearch/reference/{branch}/upgrade-transforms.html
uppercase-processor,https://www.elastic.co/guide/en/elasticsearch/reference/{branch}/uppercase-processor.html
urldecode-processor,https://www.elastic.co/guide/en/elasticsearch/reference/{branch}/urldecode-processor.html
usage-api,https://www.elastic.co/guide/en/elasticsearch/reference/{branch}/usage-api.html
user-agent-processor,https://www.elastic.co/guide/en/elasticsearch/reference/{branch}/user-agent-processor.html
voting-config-exclusions,https://www.elastic.co/guide/en/elasticsearch/reference/{branch}/voting-config-exclusions.html
watcher-api-ack-watch,https://www.elastic.co/guide/en/elasticsearch/reference/{branch}/watcher-api-ack-watch.html
watcher-api-activate-watch,https://www.elastic.co/guide/en/elasticsearch/reference/{branch}/watcher-api-activate-watch.html
watcher-api-deactivate-watch,https://www.elastic.co/guide/en/elasticsearch/reference/{branch}/watcher-api-deactivate-watch.html
watcher-api-delete-watch,https://www.elastic.co/guide/en/elasticsearch/reference/{branch}/watcher-api-delete-watch.html
watcher-api-execute-watch,https://www.elastic.co/guide/en/elasticsearch/reference/{branch}/watcher-api-execute-watch.html
watcher-api-get-watch,https://www.elastic.co/guide/en/elasticsearch/reference/{branch}/watcher-api-get-watch.html
watcher-api-put-watch,https://www.elastic.co/guide/en/elasticsearch/reference/{branch}/watcher-api-put-watch.html
watcher-api-query-watches,https://www.elastic.co/guide/en/elasticsearch/reference/{branch}/watcher-api-query-watches.html
watcher-api-start,https://www.elastic.co/guide/en/elasticsearch/reference/{branch}/watcher-api-start.html
watcher-api-stats,https://www.elastic.co/guide/en/elasticsearch/reference/{branch}/watcher-api-stats.html
watcher-api-stop,https://www.elastic.co/guide/en/elasticsearch/reference/{branch}/watcher-api-stop.html
xpack-rollup,https://www.elastic.co/guide/en/elasticsearch/reference/{branch}/xpack-rollup.html
